[
    {
        "name": "Mr. Marcel Schamberger Sr.",
        "email": "lgreenholt@example.net",
        "phone": "+1 (667) 508-5892",
        "address": "85679 Hills Flats Suite 816"
    },
    {
        "name": "Rubie Marks III",
        "email": "dewayne90@example.org",
        "phone": "515.551.4583",
        "address": "5976 Yost Curve"
    },
    {
        "name": "Destini Champlin",
        "email": "jacobs.theodore@example.org",
        "phone": "+1.434.832.7162",
        "address": "4778 Julio Junction Suite 559"
    },
    {
        "name": "Hayley Ondricka II",
        "email": "kamron82@example.net",
        "phone": "+1 (316) 534-7432",
        "address": "473 Samanta Plains Suite 108"
    }
]